Product,Create at,Stock,Price,Publish
Foundations Matte Flip Flop,2024-02-21T15:28:00.794Z,In stock,97.14,Published
Nike Air Zoom Pegasus 37 A.I.R. Chaz Bear,2024-02-20T14:28:00.794Z,Low stock,68.71,Published
Boston Soft Footbed Sandal,2024-02-18T12:28:00.794Z,Low stock,52.17,Published
Zoom Freak 2,2024-02-17T11:28:00.794Z,In stock,25.18,Published
Jordan Delta,2024-02-15T09:28:00.794Z,In stock,60.98,Published
Air Jordan XXXV PF,2024-02-14T08:28:00.794Z,Low stock,98.42,Published
Kyrie 7 EP Sisterhood,2024-02-12T06:28:00.794Z,Low stock,72.75,Published
Pharrell Williams Human Race NMD sneakers,2024-02-11T05:28:00.794Z,In stock,56.61,Published
ASMC Winter Boot Cold.Rdy,2024-02-09T03:28:00.794Z,In stock,77.32,Published
ZX 8000 Lego sneakers,2024-02-08T02:28:00.794Z,Low stock,60.62,Published
2750 Cotu Classic Sneaker,2024-02-06T00:28:00.794Z,Low stock,93.68,Published
ZX 9000 A-ZX Series sneakers,2024-02-04T23:28:00.794Z,In stock,47.44,Published
Chuck 70 Hi Sneaker,2024-02-02T21:28:00.794Z,In stock,92.87,Published